date,product_id,product_name,category,region,units_sold,unit_price,sales_rep,notes
01/01/2023,PRD-001,Industrial Conveyor Belt,Material Handling,Midwest,,89.5,Sarah Chen,
2023-01-01,prd-001,Industrial Conveyor Belt,Material Handling,South,151,89.5,Diana Torres,
January 2023,PRD_002,Hydraulic Actuator,Fluid Power,Midwest,192,142.0,Sarah Chen,
1/1/2023,Prd002,Hydraulic Actuator,Fluid Power,South,128,142.0,Diana Torres,
01/01/2023,PRD-003,Legacy Control Panel,Electrical,Midwest,208,215.0,Sarah Chen,
2023-01-01,prd-003,Legacy Control Panel,Electrical,South,138,215.0,Diana Torres,
January 2023,PRD_004,Smart Sensor Module,Automation,Midwest,0,445.0,Sarah Chen,
1/1/2023,Prd004,Smart Sensor Module,Automation,South,0,445.0,Diana Torres,
01/01/2023,PRD-005,Custom Valve Assembly,Fluid Power,Midwest,0,387.5,Sarah Chen,
2023-01-01,prd-005,Custom Valve Assembly,Fluid Power,South,0,387.5,Diana Torres,
January 2023,PRD_006,Emergency Shutdown Unit,Safety,Midwest,0,892.0,Sarah Chen,
January 2023,PRD_006,Emergency Shutdown Unit,Safety,Midwest,3,892.0,Sarah Chen,
1/1/2023,Prd006,Emergency Shutdown Unit,Safety,South,0,892.0,Diana Torres,
01/01/2023,PRD-007,Precision Gear Set,Power Transmission,Midwest,195,127.0,Sarah Chen,
2023-01-01,prd-007,Precision Gear Set,Power Transmission,South,130,127.0,Diana Torres,
February 2023,PRD_001,Industrial Conveyor Belt,Material Handling,Midwest,255,89.5,Sarah Chen,
2/1/2023,Prd001,Industrial Conveyor Belt,Material Handling,South,170,89.5,Diana Torres,
02/01/2023,PRD-002,Hydraulic Actuator,Fluid Power,Midwest,211,142.0,Sarah Chen,
2023-02-01,prd-002,Hydraulic Actuator,Fluid Power,South,140,142.0,Diana Torres,
February 2023,PRD_003,Legacy Control Panel,Electrical,Midwest,204,215.0,Sarah Chen,
2/1/2023,Prd003,Legacy Control Panel,Electrical,South,,215.0,Diana Torres,
02/01/2023,PRD-004,Smart Sensor Module,Automation,Midwest,0,445.0,Sarah Chen,
2023-02-01,prd-004,Smart Sensor Module,Automation,South,0,445.0,Diana Torres,
February 2023,PRD_005,Custom Valve Assembly,Fluid Power,Midwest,99,387.5,Sarah Chen,
2/1/2023,Prd005,Custom Valve Assembly,Fluid Power,South,66,387.5,Diana Torres,
02/01/2023,PRD-006,Emergency Shutdown Unit,Safety,Midwest,24,892.0,Sarah Chen,
2023-02-01,prd-006,Emergency Shutdown Unit,Safety,South,16,892.0,Diana Torres,
February 2023,PRD_007,Precision Gear Set,Power Transmission,Midwest,175,127.0,Sarah Chen,
2/1/2023,Prd007,Precision Gear Set,Power Transmission,South,117,127.0,Diana Torres,
03/01/2023,PRD-001,Industrial Conveyor Belt,Material Handling,Midwest,263,89.5,Sarah Chen,
2023-03-01,prd-001,Industrial Conveyor Belt,Material Handling,South,175,89.5,Diana Torres,
March 2023,PRD_002,Hydraulic Actuator,Fluid Power,Midwest,233,142.0,Sarah Chen,
3/1/2023,Prd002,Hydraulic Actuator,Fluid Power,South,N/A,142.0,Diana Torres,
03/01/2023,PRD-003,Legacy Control Panel,Electrical,Midwest,225,215.0,Sarah Chen,
2023-03-01,prd-003,Legacy Control Panel,Electrical,South,150,215.0,Diana Torres,
March 2023,PRD_004,Smart Sensor Module,Automation,Midwest,0,445.0,Sarah Chen,
3/1/2023,Prd004,Smart Sensor Module,Automation,South,0,445.0,Diana Torres,
03/01/2023,PRD-005,Custom Valve Assembly,Fluid Power,Midwest,0,387.5,Sarah Chen,
2023-03-01,prd-005,Custom Valve Assembly,Fluid Power,South,0,387.5,Diana Torres,
March 2023,PRD_006,Emergency Shutdown Unit,Safety,Midwest,,892.0,Sarah Chen,
3/1/2023,Prd006,Emergency Shutdown Unit,Safety,South,100,892.0,Diana Torres,
03/01/2023,PRD-007,Precision Gear Set,Power Transmission,Midwest,174,127.0,Sarah Chen,
2023-03-01,prd-007,Precision Gear Set,Power Transmission,South,116,127.0,Diana Torres,
April 2023,PRD_001,Industrial Conveyor Belt,Material Handling,Midwest,306,89.5,Sarah Chen,
4/1/2023,Prd001,Industrial Conveyor Belt,Material Handling,South,204,89.5,Diana Torres,
04/01/2023,PRD-002,Hydraulic Actuator,Fluid Power,Midwest,274,142.0,Sarah Chen,
2023-04-01,prd-002,Hydraulic Actuator,Fluid Power,South,-12,142.0,Diana Torres,Returns from customer - defective batch
April 2023,PRD_003,Legacy Control Panel,Electrical,Midwest,199,215.0,Sarah Chen,
4/1/2023,Prd003,Legacy Control Panel,Electrical,South,133,215.0,Diana Torres,
04/01/2023,PRD-004,Smart Sensor Module,Automation,Midwest,0,445.0,Sarah Chen,
2023-04-01,prd-004,Smart Sensor Module,Automation,South,0,445.0,Diana Torres,
April 2023,PRD_005,Custom Valve Assembly,Fluid Power,Midwest,146,387.5,Sarah Chen,
4/1/2023,Prd005,Custom Valve Assembly,Fluid Power,South,97,387.5,Diana Torres,
04/01/2023,PRD-006,Emergency Shutdown Unit,Safety,Midwest,166,892.0,Sarah Chen,
2023-04-01,prd-006,Emergency Shutdown Unit,Safety,South,111,892.0,Diana Torres,
April 2023,PRD_007,Precision Gear Set,Power Transmission,Midwest,183,127.0,Sarah Chen,
4/1/2023,Prd007,Precision Gear Set,Power Transmission,South,122,127.0,Diana Torres,
05/01/2023,PRD-001,Industrial Conveyor Belt,Material Handling,Midwest,283,89.5,Sarah Chen,
2023-05-01,prd-001,Industrial Conveyor Belt,Material Handling,South,,89.5,Diana Torres,
May 2023,PRD_002,Hydraulic Actuator,Fluid Power,Midwest,223,142.0,Sarah Chen,
5/1/2023,Prd002,Hydraulic Actuator,Fluid Power,South,148,142.0,Diana Torres,
05/01/2023,PRD-003,Legacy Control Panel,Electrical,Midwest,198,215.0,Sarah Chen,
2023-05-01,prd-003,Legacy Control Panel,Electrical,South,132,215.0,Diana Torres,
May 2023,PRD_004,Smart Sensor Module,Automation,Midwest,N/A,445.0,Sarah Chen,
5/1/2023,Prd004,Smart Sensor Module,Automation,South,0,445.0,Diana Torres,
05/01/2023,PRD-005,Custom Valve Assembly,Fluid Power,Midwest,0,387.5,Sarah Chen,
2023-05-01,prd-005,Custom Valve Assembly,Fluid Power,South,0,387.5,Diana Torres,
May 2023,PRD_006,Emergency Shutdown Unit,Safety,Midwest,0,892.0,Sarah Chen,
5/1/2023,Prd006,Emergency Shutdown Unit,Safety,South,0,892.0,Diana Torres,
05/01/2023,PRD-007,Precision Gear Set,Power Transmission,Midwest,166,127.0,Sarah Chen,
2023-05-01,prd-007,Precision Gear Set,Power Transmission,South,110,127.0,Diana Torres,
June 2023,PRD_001,Industrial Conveyor Belt,Material Handling,Midwest,276,89.5,Sarah Chen,
6/1/2023,Prd001,Industrial Conveyor Belt,Material Handling,South,184,89.5,Diana Torres,
06/01/2023,PRD-002,Hydraulic Actuator,Fluid Power,Midwest,130,142.0,Sarah Chen,
2023-06-01,prd-002,Hydraulic Actuator,Fluid Power,South,86,142.0,Diana Torres,
June 2023,PRD_003,Legacy Control Panel,Electrical,Midwest,188,215.0,Sarah Chen,
6/1/2023,Prd003,Legacy Control Panel,Electrical,South,125,215.0,Diana Torres,
06/01/2023,PRD-004,Smart Sensor Module,Automation,Midwest,,445.0,Sarah Chen,
2023-06-01,prd-004,Smart Sensor Module,Automation,South,0,445.0,Diana Torres,
June 2023,PRD_005,Custom Valve Assembly,Fluid Power,Midwest,61,387.5,Sarah Chen,
6/1/2023,Prd005,Custom Valve Assembly,Fluid Power,South,40,387.5,Diana Torres,
06/01/2023,PRD-006,Emergency Shutdown Unit,Safety,Midwest,9,892.0,Sarah Chen,
2023-06-01,prd-006,Emergency Shutdown Unit,Safety,South,6,892.0,Diana Torres,
June 2023,PRD_007,Precision Gear Set,Power Transmission,Midwest,927,127.0,Sarah Chen,OEM bulk order included
6/1/2023,Prd007,Precision Gear Set,Power Transmission,South,618,127.0,Diana Torres,OEM bulk order included
07/01/2023,PRD-001,Industrial Conveyor Belt,Material Handling,Midwest,277,89.5,Sarah Chen,
2023-07-01,prd-001,Industrial Conveyor Belt,Material Handling,South,185,89.5,Diana Torres,
July 2023,PRD_002,Hydraulic Actuator,Fluid Power,Midwest,124,142.0,Sarah Chen,
7/1/2023,Prd002,Hydraulic Actuator,Fluid Power,South,82,142.0,Diana Torres,
07/01/2023,PRD-003,Legacy Control Panel,Electrical,Midwest,183,215.0,Sarah Chen,
2023-07-01,prd-003,Legacy Control Panel,Electrical,South,122,215.0,Diana Torres,
July 2023,PRD_004,Smart Sensor Module,Automation,Midwest,0,445.0,Sarah Chen,
7/1/2023,Prd004,Smart Sensor Module,Automation,South,0,445.0,Diana Torres,
07/01/2023,PRD-005,Custom Valve Assembly,Fluid Power,Midwest,0,387.5,Sarah Chen,
2023-07-01,prd-005,Custom Valve Assembly,Fluid Power,South,N/A,387.5,Diana Torres,
July 2023,PRD_006,Emergency Shutdown Unit,Safety,Midwest,0,892.0,Sarah Chen,
7/1/2023,Prd006,Emergency Shutdown Unit,Safety,South,,892.0,Diana Torres,
07/01/2023,PRD-007,Precision Gear Set,Power Transmission,Midwest,201,127.0,Sarah Chen,
2023-07-01,prd-007,Precision Gear Set,Power Transmission,South,134,127.0,Diana Torres,
August 2023,PRD_001,Industrial Conveyor Belt,Material Handling,Midwest,265,89.5,Sarah Chen,
8/1/2023,Prd001,Industrial Conveyor Belt,Material Handling,South,177,89.5,Diana Torres,
08/01/2023,PRD-002,Hydraulic Actuator,Fluid Power,Midwest,133,142.0,Sarah Chen,
2023-08-01,prd-002,Hydraulic Actuator,Fluid Power,South,88,142.0,Diana Torres,
August 2023,PRD_003,Legacy Control Panel,Electrical,Midwest,184,215.0,Sarah Chen,
8/1/2023,Prd003,Legacy Control Panel,Electrical,South,122,215.0,Diana Torres,
08/01/2023,PRD-004,Smart Sensor Module,Automation,Midwest,0,445.0,Sarah Chen,
2023-08-01,prd-004,Smart Sensor Module,Automation,South,0,445.0,Diana Torres,
August 2023,PRD_005,Custom Valve Assembly,Fluid Power,Midwest,0,387.5,Sarah Chen,
8/1/2023,Prd005,Custom Valve Assembly,Fluid Power,South,0,387.5,Diana Torres,
08/01/2023,PRD-006,Emergency Shutdown Unit,Safety,Midwest,244,892.0,Sarah Chen,
2023-08-01,prd-006,Emergency Shutdown Unit,Safety,South,163,892.0,Diana Torres,
August 2023,PRD_007,Precision Gear Set,Power Transmission,Midwest,182,127.0,Sarah Chen,
8/1/2023,Prd007,Precision Gear Set,Power Transmission,South,121,127.0,Diana Torres,
09/01/2023,PRD-001,Industrial Conveyor Belt,Material Handling,Midwest,222,89.5,Sarah Chen,
2023-09-01,prd-001,Industrial Conveyor Belt,Material Handling,South,148,89.5,Diana Torres,
September 2023,PRD_002,Hydraulic Actuator,Fluid Power,Midwest,,142.0,Sarah Chen,
9/1/2023,Prd002,Hydraulic Actuator,Fluid Power,South,58,142.0,Diana Torres,
09/01/2023,PRD-003,Legacy Control Panel,Electrical,Midwest,216,215.0,Sarah Chen,
2023-09-01,prd-003,Legacy Control Panel,Electrical,South,144,215.0,Diana Torres,
September 2023,PRD_004,Smart Sensor Module,Automation,Midwest,0,445.0,Sarah Chen,
9/1/2023,Prd004,Smart Sensor Module,Automation,South,0,445.0,Diana Torres,
09/01/2023,PRD-005,Custom Valve Assembly,Fluid Power,Midwest,143,387.5,Sarah Chen,
2023-09-01,prd-005,Custom Valve Assembly,Fluid Power,South,95,387.5,Diana Torres,
September 2023,PRD_006,Emergency Shutdown Unit,Safety,Midwest,0,892.0,Sarah Chen,
9/1/2023,Prd006,Emergency Shutdown Unit,Safety,South,0,892.0,Diana Torres,
09/01/2023,PRD-007,Precision Gear Set,Power Transmission,Midwest,N/A,127.0,Sarah Chen,
2023-09-01,prd-007,Precision Gear Set,Power Transmission,South,121,127.0,Diana Torres,
October 2023,PRD_001,Industrial Conveyor Belt,Material Handling,Midwest,214,89.5,Sarah Chen,
10/1/2023,Prd001,Industrial Conveyor Belt,Material Handling,South,143,89.5,Diana Torres,
10/01/2023,PRD-002,Hydraulic Actuator,Fluid Power,Midwest,146,142.0,Sarah Chen,
2023-10-01,prd-002,Hydraulic Actuator,Fluid Power,South,97,142.0,Diana Torres,
October 2023,PRD_003,Legacy Control Panel,Electrical,Midwest,180,215.0,Sarah Chen,
10/1/2023,Prd003,Legacy Control Panel,Electrical,South,120,215.0,Diana Torres,
10/01/2023,PRD-004,Smart Sensor Module,Automation,Midwest,0,445.0,Sarah Chen,
2023-10-01,prd-004,Smart Sensor Module,Automation,South,,445.0,Diana Torres,
October 2023,PRD_005,Custom Valve Assembly,Fluid Power,Midwest,0,387.5,Sarah Chen,
10/1/2023,Prd005,Custom Valve Assembly,Fluid Power,South,0,387.5,Diana Torres,
10/01/2023,PRD-006,Emergency Shutdown Unit,Safety,Midwest,91,892.0,Sarah Chen,
2023-10-01,prd-006,Emergency Shutdown Unit,Safety,South,61,892.0,Diana Torres,
October 2023,PRD_007,Precision Gear Set,Power Transmission,Midwest,173,127.0,Sarah Chen,
10/1/2023,Prd007,Precision Gear Set,Power Transmission,South,115,127.0,Diana Torres,
11/01/2023,PRD-001,Industrial Conveyor Belt,Material Handling,Midwest,210,89.5,Sarah Chen,
2023-11-01,prd-001,Industrial Conveyor Belt,Material Handling,South,140,89.5,Diana Torres,
November 2023,PRD_002,Hydraulic Actuator,Fluid Power,Midwest,150,142.0,Sarah Chen,
11/1/2023,Prd002,Hydraulic Actuator,Fluid Power,South,100,142.0,Diana Torres,
11/01/2023,PRD-003,Legacy Control Panel,Electrical,Midwest,188,215.0,Sarah Chen,
2023-11-01,prd-003,Legacy Control Panel,Electrical,South,125,215.0,Diana Torres,
November 2023,PRD_004,Smart Sensor Module,Automation,Midwest,0,445.0,Sarah Chen,
11/1/2023,Prd004,Smart Sensor Module,Automation,South,0,445.0,Diana Torres,
11/01/2023,PRD-005,Custom Valve Assembly,Fluid Power,Midwest,0,387.5,Sarah Chen,
2023-11-01,prd-005,Custom Valve Assembly,Fluid Power,South,0,387.5,Diana Torres,
November 2023,PRD_006,Emergency Shutdown Unit,Safety,Midwest,54,892.0,Sarah Chen,
11/1/2023,Prd006,Emergency Shutdown Unit,Safety,South,36,892.0,Diana Torres,
11/01/2023,PRD-007,Precision Gear Set,Power Transmission,Midwest,,127.0,Sarah Chen,
2023-11-01,prd-007,Precision Gear Set,Power Transmission,South,104,127.0,Diana Torres,
December 2023,PRD_001,Industrial Conveyor Belt,Material Handling,Midwest,240,89.5,Sarah Chen,
12/1/2023,Prd001,Industrial Conveyor Belt,Material Handling,South,N/A,89.5,Diana Torres,
12/01/2023,PRD-002,Hydraulic Actuator,Fluid Power,Midwest,187,142.0,Sarah Chen,
2023-12-01,prd-002,Hydraulic Actuator,Fluid Power,South,125,142.0,Diana Torres,
December 2023,PRD_003,Legacy Control Panel,Electrical,Midwest,199,215.0,Sarah Chen,
12/1/2023,Prd003,Legacy Control Panel,Electrical,South,133,215.0,Diana Torres,
12/01/2023,PRD-004,Smart Sensor Module,Automation,Midwest,0,445.0,Sarah Chen,
2023-12-01,prd-004,Smart Sensor Module,Automation,South,0,445.0,Diana Torres,
December 2023,PRD_005,Custom Valve Assembly,Fluid Power,Midwest,0,387.5,Sarah Chen,
12/1/2023,Prd005,Custom Valve Assembly,Fluid Power,South,0,387.5,Diana Torres,
12/01/2023,PRD-006,Emergency Shutdown Unit,Safety,Midwest,0,892.0,Sarah Chen,
2023-12-01,prd-006,Emergency Shutdown Unit,Safety,South,0,892.0,Diana Torres,
December 2023,PRD_007,Precision Gear Set,Power Transmission,Midwest,190,127.0,Sarah Chen,
12/1/2023,Prd007,Precision Gear Set,Power Transmission,South,126,127.0,Diana Torres,
01/01/2024,PRD-001,Industrial Conveyor Belt,Material Handling,Midwest,234,89.5,Sarah Chen,
2024-01-01,prd-001,Industrial Conveyor Belt,Material Handling,South,156,89.5,Diana Torres,
January 2024,PRD_002,Hydraulic Actuator,Fluid Power,Midwest,181,158.0,Sarah Chen,Unit price updated - reflects material cost increase
1/1/2024,Prd002,Hydraulic Actuator,Fluid Power,South,,158.0,Diana Torres,Unit price updated - reflects material cost increase
01/01/2024,PRD-003,Legacy Control Panel,Electrical,Midwest,166,215.0,Sarah Chen,
2024-01-01,prd-003,Legacy Control Panel,Electrical,South,110,215.0,Diana Torres,
January 2024,PRD_004,Smart Sensor Module,Automation,Midwest,0,445.0,Sarah Chen,
1/1/2024,Prd004,Smart Sensor Module,Automation,South,0,445.0,Diana Torres,
01/01/2024,PRD-005,Custom Valve Assembly,Fluid Power,Midwest,112,387.5,Sarah Chen,
2024-01-01,prd-005,Custom Valve Assembly,Fluid Power,South,74,387.5,Diana Torres,
January 2024,PRD_006,Emergency Shutdown Unit,Safety,Midwest,0,892.0,Sarah Chen,
1/1/2024,Prd006,Emergency Shutdown Unit,Safety,South,0,892.0,Diana Torres,
01/01/2024,PRD-007,Precision Gear Set,Power Transmission,Midwest,175,127.0,Sarah Chen,
2024-01-01,prd-007,Precision Gear Set,Power Transmission,South,116,127.0,Diana Torres,
February 2024,PRD_001,Industrial Conveyor Belt,Material Handling,Midwest,249,89.5,Sarah Chen,
2/1/2024,Prd001,Industrial Conveyor Belt,Material Handling,South,166,89.5,Diana Torres,
02/01/2024,PRD-002,Hydraulic Actuator,Fluid Power,Midwest,206,158.0,Sarah Chen,Price updated Jan 2024
2024-02-01,prd-002,Hydraulic Actuator,Fluid Power,South,137,158.0,Diana Torres,Price updated Jan 2024
February 2024,PRD_003,Legacy Control Panel,Electrical,Midwest,N/A,215.0,Sarah Chen,
2/1/2024,Prd003,Legacy Control Panel,Electrical,South,134,215.0,Diana Torres,
02/01/2024,PRD-004,Smart Sensor Module,Automation,Midwest,0,445.0,Sarah Chen,New product launch - initial stocking orders
2024-02-01,prd-004,Smart Sensor Module,Automation,South,0,445.0,Diana Torres,New product launch - initial stocking orders
February 2024,PRD_005,Custom Valve Assembly,Fluid Power,Midwest,,387.5,Sarah Chen,
2/1/2024,Prd005,Custom Valve Assembly,Fluid Power,South,0,387.5,Diana Torres,
02/01/2024,PRD-006,Emergency Shutdown Unit,Safety,Midwest,34,892.0,Sarah Chen,
2024-02-01,prd-006,Emergency Shutdown Unit,Safety,South,22,892.0,Diana Torres,
February 2024,PRD_007,Precision Gear Set,Power Transmission,Midwest,186,127.0,Sarah Chen,
2/1/2024,Prd007,Precision Gear Set,Power Transmission,South,124,127.0,Diana Torres,
03/01/2024,PRD-001,Industrial Conveyor Belt,Material Handling,Midwest,271,89.5,Sarah Chen,
2024-03-01,prd-001,Industrial Conveyor Belt,Material Handling,South,180,89.5,Diana Torres,
March 2024,PRD_002,Hydraulic Actuator,Fluid Power,Midwest,184,158.0,Sarah Chen,
3/1/2024,Prd002,Hydraulic Actuator,Fluid Power,South,122,158.0,Diana Torres,
03/01/2024,PRD-003,Legacy Control Panel,Electrical,Midwest,205,215.0,Sarah Chen,
2024-03-01,prd-003,Legacy Control Panel,Electrical,South,136,215.0,Diana Torres,
March 2024,PRD_004,Smart Sensor Module,Automation,Midwest,3,445.0,Sarah Chen,
3/1/2024,Prd004,Smart Sensor Module,Automation,South,2,445.0,Diana Torres,
03/01/2024,PRD-005,Custom Valve Assembly,Fluid Power,Midwest,0,387.5,Sarah Chen,
2024-03-01,prd-005,Custom Valve Assembly,Fluid Power,South,0,387.5,Diana Torres,
March 2024,PRD_006,Emergency Shutdown Unit,Safety,Midwest,109,892.0,Sarah Chen,
3/1/2024,Prd006,Emergency Shutdown Unit,Safety,South,72,892.0,Diana Torres,
03/01/2024,PRD-007,Precision Gear Set,Power Transmission,Midwest,827,127.0,Sarah Chen,OEM bulk order included
2024-03-01,prd-007,Precision Gear Set,Power Transmission,South,,127.0,Diana Torres,OEM bulk order included
April 2024,PRD_001,Industrial Conveyor Belt,Material Handling,Midwest,292,89.5,Marcus Webb,
4/1/2024,Prd001,Industrial Conveyor Belt,Material Handling,South,194,89.5,Diana Torres,
04/01/2024,PRD-002,Hydraulic Actuator,Fluid Power,Midwest,185,158.0,Marcus Webb,Price updated Jan 2024
2024-04-01,prd-002,Hydraulic Actuator,Fluid Power,South,123,158.0,Diana Torres,Price updated Jan 2024
April 2024,PRD_003,Legacy Control Panel,Electrical,Midwest,181,215.0,Marcus Webb,
4/1/2024,Prd003,Legacy Control Panel,Electrical,South,120,215.0,Diana Torres,
04/01/2024,PRD-004,Smart Sensor Module,Automation,Midwest,0,445.0,Marcus Webb,
2024-04-01,prd-004,Smart Sensor Module,Automation,South,N/A,445.0,Diana Torres,
April 2024,PRD_005,Custom Valve Assembly,Fluid Power,Midwest,74,387.5,Marcus Webb,
4/1/2024,Prd005,Custom Valve Assembly,Fluid Power,South,49,387.5,Diana Torres,
04/01/2024,PRD-006,Emergency Shutdown Unit,Safety,Midwest,286,892.0,Marcus Webb,
2024-04-01,prd-006,Emergency Shutdown Unit,Safety,South,191,892.0,Diana Torres,
April 2024,PRD_007,Precision Gear Set,Power Transmission,Midwest,168,127.0,Marcus Webb,
4/1/2024,Prd007,Precision Gear Set,Power Transmission,South,112,127.0,Diana Torres,
05/01/2024,PRD-001,Industrial Conveyor Belt,Material Handling,Midwest,295,89.5,Marcus Webb,
2024-05-01,prd-001,Industrial Conveyor Belt,Material Handling,South,197,89.5,Diana Torres,
May 2024,PRD_002,Hydraulic Actuator,Fluid Power,Midwest,205,158.0,Marcus Webb,
5/1/2024,Prd002,Hydraulic Actuator,Fluid Power,South,137,158.0,Diana Torres,
05/01/2024,PRD-003,Legacy Control Panel,Electrical,Midwest,,215.0,Marcus Webb,
2024-05-01,prd-003,Legacy Control Panel,Electrical,South,134,215.0,Diana Torres,
May 2024,PRD_004,Smart Sensor Module,Automation,Midwest,1,445.0,Marcus Webb,
5/1/2024,Prd004,Smart Sensor Module,Automation,South,0,445.0,Diana Torres,
05/01/2024,PRD-005,Custom Valve Assembly,Fluid Power,Midwest,96,387.5,Marcus Webb,
2024-05-01,prd-005,Custom Valve Assembly,Fluid Power,South,64,387.5,Diana Torres,
May 2024,PRD_006,Emergency Shutdown Unit,Safety,Midwest,138,892.0,Marcus Webb,
5/1/2024,Prd006,Emergency Shutdown Unit,Safety,South,92,892.0,Diana Torres,
05/01/2024,PRD-007,Precision Gear Set,Power Transmission,Midwest,178,127.0,Marcus Webb,
2024-05-01,prd-007,Precision Gear Set,Power Transmission,South,119,127.0,Diana Torres,
June 2024,PRD_001,Industrial Conveyor Belt,Material Handling,Midwest,277,89.5,Marcus Webb,
6/1/2024,Prd001,Industrial Conveyor Belt,Material Handling,South,185,89.5,Diana Torres,
06/01/2024,PRD-002,Hydraulic Actuator,Fluid Power,Midwest,172,158.0,Marcus Webb,Price updated Jan 2024
2024-06-01,prd-002,Hydraulic Actuator,Fluid Power,South,115,158.0,Diana Torres,Price updated Jan 2024
June 2024,PRD_003,Legacy Control Panel,Electrical,Midwest,171,215.0,Marcus Webb,
6/1/2024,Prd003,Legacy Control Panel,Electrical,South,114,215.0,Diana Torres,
06/01/2024,PRD-004,Smart Sensor Module,Automation,Midwest,52,445.0,Marcus Webb,
2024-06-01,prd-004,Smart Sensor Module,Automation,South,35,445.0,Diana Torres,
June 2024,PRD_005,Custom Valve Assembly,Fluid Power,Midwest,0,387.5,Marcus Webb,
6/1/2024,Prd005,Custom Valve Assembly,Fluid Power,South,,387.5,Diana Torres,
06/01/2024,PRD-006,Emergency Shutdown Unit,Safety,Midwest,N/A,892.0,Marcus Webb,
2024-06-01,prd-006,Emergency Shutdown Unit,Safety,South,48,892.0,Diana Torres,
June 2024,PRD_007,Precision Gear Set,Power Transmission,Midwest,177,127.0,Marcus Webb,
6/1/2024,Prd007,Precision Gear Set,Power Transmission,South,118,127.0,Diana Torres,
07/01/2024,PRD-001,Industrial Conveyor Belt,Material Handling,Midwest,261,89.5,Marcus Webb,
2024-07-01,prd-001,Industrial Conveyor Belt,Material Handling,South,174,89.5,Diana Torres,
July 2024,PRD_002,Hydraulic Actuator,Fluid Power,Midwest,219,158.0,Marcus Webb,
7/1/2024,Prd002,Hydraulic Actuator,Fluid Power,South,146,158.0,Diana Torres,
07/01/2024,PRD-003,Legacy Control Panel,Electrical,Midwest,162,215.0,Marcus Webb,Volume declining - customers migrating to PRD-004
2024-07-01,prd-003,Legacy Control Panel,Electrical,South,108,215.0,Diana Torres,Volume declining - customers migrating to PRD-004
July 2024,PRD_004,Smart Sensor Module,Automation,Midwest,25,445.0,Marcus Webb,
7/1/2024,Prd004,Smart Sensor Module,Automation,South,16,445.0,Diana Torres,
07/01/2024,PRD-005,Custom Valve Assembly,Fluid Power,Midwest,0,387.5,Marcus Webb,
2024-07-01,prd-005,Custom Valve Assembly,Fluid Power,South,0,387.5,Diana Torres,
July 2024,PRD_006,Emergency Shutdown Unit,Safety,Midwest,7,892.0,Marcus Webb,
7/1/2024,Prd006,Emergency Shutdown Unit,Safety,South,4,892.0,Diana Torres,
07/01/2024,PRD-007,Precision Gear Set,Power Transmission,Midwest,200,127.0,Marcus Webb,
2024-07-01,prd-007,Precision Gear Set,Power Transmission,South,133,127.0,Diana Torres,
August 2024,PRD_001,Industrial Conveyor Belt,Material Handling,Midwest,,89.5,Marcus Webb,
8/1/2024,Prd001,Industrial Conveyor Belt,Material Handling,South,168,89.5,Diana Torres,
08/01/2024,PRD-002,Hydraulic Actuator,Fluid Power,Midwest,135,158.0,Marcus Webb,Price updated Jan 2024
2024-08-01,prd-002,Hydraulic Actuator,Fluid Power,South,90,158.0,Diana Torres,Price updated Jan 2024
August 2024,PRD_003,Legacy Control Panel,Electrical,Midwest,189,215.0,Marcus Webb,Volume declining - customers migrating to PRD-004
8/1/2024,Prd003,Legacy Control Panel,Electrical,South,126,215.0,Diana Torres,Volume declining - customers migrating to PRD-004
08/01/2024,PRD-004,Smart Sensor Module,Automation,Midwest,50,445.0,Marcus Webb,
2024-08-01,prd-004,Smart Sensor Module,Automation,South,33,445.0,Diana Torres,
August 2024,PRD_005,Custom Valve Assembly,Fluid Power,Midwest,154,387.5,Marcus Webb,
8/1/2024,Prd005,Custom Valve Assembly,Fluid Power,South,103,387.5,Diana Torres,
08/01/2024,PRD-006,Emergency Shutdown Unit,Safety,Midwest,0,892.0,Marcus Webb,
2024-08-01,prd-006,Emergency Shutdown Unit,Safety,South,0,892.0,Diana Torres,
August 2024,PRD_007,Precision Gear Set,Power Transmission,Midwest,194,127.0,Marcus Webb,
8/1/2024,Prd007,Precision Gear Set,Power Transmission,South,N/A,127.0,Diana Torres,
09/01/2024,PRD-001,Industrial Conveyor Belt,Material Handling,Midwest,232,89.5,Marcus Webb,
2024-09-01,prd-001,Industrial Conveyor Belt,Material Handling,South,154,89.5,Diana Torres,
September 2024,PRD_002,Hydraulic Actuator,Fluid Power,Midwest,99,158.0,Marcus Webb,
9/1/2024,Prd002,Hydraulic Actuator,Fluid Power,South,66,158.0,Diana Torres,
09/01/2024,PRD-003,Legacy Control Panel,Electrical,Midwest,158,215.0,Marcus Webb,Volume declining - customers migrating to PRD-004
2024-09-01,prd-003,Legacy Control Panel,Electrical,South,,215.0,Diana Torres,Volume declining - customers migrating to PRD-004
September 2024,PRD_004,Smart Sensor Module,Automation,Midwest,69,445.0,Marcus Webb,
9/1/2024,Prd004,Smart Sensor Module,Automation,South,46,445.0,Diana Torres,
09/01/2024,PRD-005,Custom Valve Assembly,Fluid Power,Midwest,0,387.5,Marcus Webb,
2024-09-01,prd-005,Custom Valve Assembly,Fluid Power,South,0,387.5,Diana Torres,
September 2024,PRD_006,Emergency Shutdown Unit,Safety,Midwest,188,892.0,Marcus Webb,
9/1/2024,Prd006,Emergency Shutdown Unit,Safety,South,125,892.0,Diana Torres,
09/01/2024,PRD-007,Precision Gear Set,Power Transmission,Midwest,189,127.0,Marcus Webb,
2024-09-01,prd-007,Precision Gear Set,Power Transmission,South,126,127.0,Diana Torres,
October 2024,PRD_001,Industrial Conveyor Belt,Material Handling,Midwest,205,89.5,Marcus Webb,
10/1/2024,Prd001,Industrial Conveyor Belt,Material Handling,South,137,89.5,Diana Torres,
10/01/2024,PRD-002,Hydraulic Actuator,Fluid Power,Midwest,140,158.0,Marcus Webb,Price updated Jan 2024
2024-10-01,prd-002,Hydraulic Actuator,Fluid Power,South,93,158.0,Diana Torres,Price updated Jan 2024
October 2024,PRD_003,Legacy Control Panel,Electrical,Midwest,174,215.0,Marcus Webb,Volume declining - customers migrating to PRD-004
10/1/2024,Prd003,Legacy Control Panel,Electrical,South,116,215.0,Diana Torres,Volume declining - customers migrating to PRD-004
10/01/2024,PRD-004,Smart Sensor Module,Automation,Midwest,45,445.0,Marcus Webb,
2024-10-01,prd-004,Smart Sensor Module,Automation,South,30,445.0,Diana Torres,
October 2024,PRD_005,Custom Valve Assembly,Fluid Power,Midwest,0,387.5,Marcus Webb,
10/1/2024,Prd005,Custom Valve Assembly,Fluid Power,South,0,387.5,Diana Torres,
10/01/2024,PRD-006,Emergency Shutdown Unit,Safety,Midwest,,892.0,Marcus Webb,
2024-10-01,prd-006,Emergency Shutdown Unit,Safety,South,0,892.0,Diana Torres,
October 2024,PRD_007,Precision Gear Set,Power Transmission,Midwest,192,127.0,Marcus Webb,
10/1/2024,Prd007,Precision Gear Set,Power Transmission,South,128,127.0,Diana Torres,
11/01/2024,PRD-001,Industrial Conveyor Belt,Material Handling,Midwest,211,89.5,Marcus Webb,
2024-11-01,prd-001,Industrial Conveyor Belt,Material Handling,South,140,89.5,Diana Torres,
November 2024,PRD_002,Hydraulic Actuator,Fluid Power,Midwest,N/A,158.0,Marcus Webb,
11/1/2024,Prd002,Hydraulic Actuator,Fluid Power,South,91,158.0,Diana Torres,Price updated Jan 2024
11/01/2024,PRD-003,Legacy Control Panel,Electrical,Midwest,152,215.0,Marcus Webb,Volume declining - customers migrating to PRD-004
2024-11-01,prd-003,Legacy Control Panel,Electrical,South,101,215.0,Diana Torres,Volume declining - customers migrating to PRD-004
November 2024,PRD_004,Smart Sensor Module,Automation,Midwest,70,445.0,Marcus Webb,
11/1/2024,Prd004,Smart Sensor Module,Automation,South,47,445.0,Diana Torres,
11/01/2024,PRD-005,Custom Valve Assembly,Fluid Power,Midwest,0,387.5,Marcus Webb,
2024-11-01,prd-005,Custom Valve Assembly,Fluid Power,South,0,387.5,Diana Torres,
November 2024,PRD_006,Emergency Shutdown Unit,Safety,Midwest,0,892.0,Marcus Webb,
11/1/2024,Prd006,Emergency Shutdown Unit,Safety,South,0,892.0,Diana Torres,
11/01/2024,PRD-007,Precision Gear Set,Power Transmission,Midwest,190,127.0,Marcus Webb,
2024-11-01,prd-007,Precision Gear Set,Power Transmission,South,126,127.0,Diana Torres,
December 2024,PRD_001,Industrial Conveyor Belt,Material Handling,Midwest,211,89.5,Marcus Webb,
12/1/2024,Prd001,Industrial Conveyor Belt,Material Handling,South,,89.5,Diana Torres,
12/01/2024,PRD-002,Hydraulic Actuator,Fluid Power,Midwest,187,158.0,Marcus Webb,Price updated Jan 2024
2024-12-01,prd-002,Hydraulic Actuator,Fluid Power,South,125,158.0,Diana Torres,Price updated Jan 2024
December 2024,PRD_003,Legacy Control Panel,Electrical,Midwest,175,215.0,Marcus Webb,Volume declining - customers migrating to PRD-004
12/1/2024,Prd003,Legacy Control Panel,Electrical,South,117,215.0,Diana Torres,Volume declining - customers migrating to PRD-004
12/01/2024,PRD-004,Smart Sensor Module,Automation,Midwest,65,445.0,Marcus Webb,
2024-12-01,prd-004,Smart Sensor Module,Automation,South,43,445.0,Diana Torres,
December 2024,PRD_005,Custom Valve Assembly,Fluid Power,Midwest,0,387.5,Marcus Webb,
12/1/2024,Prd005,Custom Valve Assembly,Fluid Power,South,0,387.5,Diana Torres,
12/01/2024,PRD-006,Emergency Shutdown Unit,Safety,Midwest,50,892.0,Marcus Webb,
2024-12-01,prd-006,Emergency Shutdown Unit,Safety,South,33,892.0,Diana Torres,
December 2024,PRD_007,Precision Gear Set,Power Transmission,Midwest,185,127.0,Marcus Webb,
12/1/2024,Prd007,Precision Gear Set,Power Transmission,South,123,127.0,Diana Torres,
01/01/2025,PRD-001,Industrial Conveyor Belt,Material Handling,Midwest,253,89.5,Marcus Webb,
2025-01-01,prd-001,Industrial Conveyor Belt,Material Handling,South,168,89.5,Diana Torres,
January 2025,PRD_002,Hydraulic Actuator,Fluid Power,Midwest,185,158.0,Marcus Webb,
1/1/2025,Prd002,Hydraulic Actuator,Fluid Power,South,123,158.0,Diana Torres,
01/01/2025,PRD-003,Legacy Control Panel,Electrical,Midwest,12,215.0,Marcus Webb,Volume declining - customers migrating to PRD-004
2025-01-01,prd-003,Legacy Control Panel,Electrical,South,N/A,215.0,Diana Torres,Volume declining - customers migrating to PRD-004
January 2025,PRD_004,Smart Sensor Module,Automation,Midwest,,445.0,Marcus Webb,
1/1/2025,Prd004,Smart Sensor Module,Automation,South,42,445.0,Diana Torres,
01/01/2025,PRD-005,Custom Valve Assembly,Fluid Power,Midwest,0,387.5,Marcus Webb,
2025-01-01,prd-005,Custom Valve Assembly,Fluid Power,South,0,387.5,Diana Torres,
January 2025,PRD_006,Emergency Shutdown Unit,Safety,Midwest,46,892.0,Marcus Webb,
1/1/2025,Prd006,Emergency Shutdown Unit,Safety,South,31,892.0,Diana Torres,
01/01/2025,PRD-007,Precision Gear Set,Power Transmission,Midwest,875,127.0,Marcus Webb,OEM bulk order included
2025-01-01,prd-007,Precision Gear Set,Power Transmission,South,583,127.0,Diana Torres,OEM bulk order included
February 2025,PRD_001,Industrial Conveyor Belt,Material Handling,Midwest,250,89.5,Marcus Webb,
2/1/2025,Prd001,Industrial Conveyor Belt,Material Handling,South,167,89.5,Diana Torres,
02/01/2025,PRD-002,Hydraulic Actuator,Fluid Power,Midwest,209,158.0,Marcus Webb,
2025-02-01,prd-002,Hydraulic Actuator,Fluid Power,South,139,158.0,Diana Torres,
February 2025,PRD_003,Legacy Control Panel,Electrical,Midwest,12,215.0,Marcus Webb,Volume declining - customers migrating to PRD-004
2/1/2025,Prd003,Legacy Control Panel,Electrical,South,8,215.0,Diana Torres,Volume declining - customers migrating to PRD-004
02/01/2025,PRD-004,Smart Sensor Module,Automation,Midwest,51,445.0,Marcus Webb,
2025-02-01,prd-004,Smart Sensor Module,Automation,South,34,445.0,Diana Torres,
February 2025,PRD_005,Custom Valve Assembly,Fluid Power,Midwest,0,387.5,Marcus Webb,
2/1/2025,Prd005,Custom Valve Assembly,Fluid Power,South,0,387.5,Diana Torres,
02/01/2025,PRD-006,Emergency Shutdown Unit,Safety,Midwest,21,892.0,Marcus Webb,
2025-02-01,prd-006,Emergency Shutdown Unit,Safety,South,,892.0,Diana Torres,
February 2025,PRD_007,Precision Gear Set,Power Transmission,Midwest,190,127.0,Marcus Webb,
2/1/2025,Prd007,Precision Gear Set,Power Transmission,South,126,127.0,Diana Torres,
03/01/2025,PRD-001,Industrial Conveyor Belt,Material Handling,Midwest,274,89.5,Marcus Webb,
2025-03-01,prd-001,Industrial Conveyor Belt,Material Handling,South,182,89.5,Diana Torres,
March 2025,PRD_002,Hydraulic Actuator,Fluid Power,Midwest,217,158.0,Marcus Webb,
3/1/2025,Prd002,Hydraulic Actuator,Fluid Power,South,144,158.0,Diana Torres,
03/01/2025,PRD-003,Legacy Control Panel,Electrical,Midwest,12,215.0,Marcus Webb,Volume declining - customers migrating to PRD-004
2025-03-01,prd-003,Legacy Control Panel,Electrical,South,8,215.0,Diana Torres,Volume declining - customers migrating to PRD-004
March 2025,PRD_004,Smart Sensor Module,Automation,Midwest,45,445.0,Marcus Webb,
3/1/2025,Prd004,Smart Sensor Module,Automation,South,30,445.0,Diana Torres,
03/01/2025,PRD-005,Custom Valve Assembly,Fluid Power,Midwest,N/A,387.5,Marcus Webb,
2025-03-01,prd-005,Custom Valve Assembly,Fluid Power,South,0,387.5,Diana Torres,
March 2025,PRD_006,Emergency Shutdown Unit,Safety,Midwest,75,892.0,Marcus Webb,
3/1/2025,Prd006,Emergency Shutdown Unit,Safety,South,50,892.0,Diana Torres,
03/01/2025,PRD-007,Precision Gear Set,Power Transmission,Midwest,188,127.0,Marcus Webb,
2025-03-01,prd-007,Precision Gear Set,Power Transmission,South,125,127.0,Diana Torres,
April 2025,PRD_001,Industrial Conveyor Belt,Material Handling,Midwest,288,89.5,Marcus Webb,
4/1/2025,Prd001,Industrial Conveyor Belt,Material Handling,South,192,89.5,Diana Torres,
04/01/2025,PRD-002,Hydraulic Actuator,Fluid Power,Midwest,,158.0,Marcus Webb,
2025-04-01,prd-002,Hydraulic Actuator,Fluid Power,South,178,158.0,Diana Torres,
April 2025,PRD_003,Legacy Control Panel,Electrical,Midwest,0,215.0,Marcus Webb,Volume declining - customers migrating to PRD-004
4/1/2025,Prd003,Legacy Control Panel,Electrical,South,0,215.0,Diana Torres,Volume declining - customers migrating to PRD-004
04/01/2025,PRD-004,Smart Sensor Module,Automation,Midwest,88,445.0,Marcus Webb,
2025-04-01,prd-004,Smart Sensor Module,Automation,South,58,445.0,Diana Torres,
April 2025,PRD_005,Custom Valve Assembly,Fluid Power,Midwest,0,387.5,Marcus Webb,
4/1/2025,Prd005,Custom Valve Assembly,Fluid Power,South,0,387.5,Diana Torres,
04/01/2025,PRD-006,Emergency Shutdown Unit,Safety,Midwest,34,892.0,Marcus Webb,
2025-04-01,prd-006,Emergency Shutdown Unit,Safety,South,22,892.0,Diana Torres,
April 2025,PRD_007,Precision Gear Set,Power Transmission,Midwest,195,127.0,Marcus Webb,
4/1/2025,Prd007,Precision Gear Set,Power Transmission,South,130,127.0,Diana Torres,
05/01/2025,PRD-001,Industrial Conveyor Belt,Material Handling,Midwest,288,89.5,Marcus Webb,
2025-05-01,prd-001,Industrial Conveyor Belt,Material Handling,South,192,89.5,Diana Torres,
May 2025,PRD_002,Hydraulic Actuator,Fluid Power,Midwest,187,158.0,Marcus Webb,
5/1/2025,Prd002,Hydraulic Actuator,Fluid Power,South,125,158.0,Diana Torres,
05/01/2025,PRD-003,Legacy Control Panel,Electrical,Midwest,14,215.0,Marcus Webb,Volume declining - customers migrating to PRD-004
2025-05-01,prd-003,Legacy Control Panel,Electrical,South,9,215.0,Diana Torres,Volume declining - customers migrating to PRD-004
May 2025,PRD_004,Smart Sensor Module,Automation,Midwest,67,445.0,Marcus Webb,
5/1/2025,Prd004,Smart Sensor Module,Automation,South,,445.0,Diana Torres,
05/01/2025,PRD-005,Custom Valve Assembly,Fluid Power,Midwest,118,387.5,Marcus Webb,
2025-05-01,prd-005,Custom Valve Assembly,Fluid Power,South,79,387.5,Diana Torres,
May 2025,PRD_006,Emergency Shutdown Unit,Safety,Midwest,271,892.0,Marcus Webb,
5/1/2025,Prd006,Emergency Shutdown Unit,Safety,South,N/A,892.0,Diana Torres,
05/01/2025,PRD-007,Precision Gear Set,Power Transmission,Midwest,187,127.0,Marcus Webb,
2025-05-01,prd-007,Precision Gear Set,Power Transmission,South,124,127.0,Diana Torres,
June 2025,PRD_001,Industrial Conveyor Belt,Material Handling,Midwest,290,89.5,Marcus Webb,
6/1/2025,Prd001,Industrial Conveyor Belt,Material Handling,South,193,89.5,Diana Torres,
06/01/2025,PRD-002,Hydraulic Actuator,Fluid Power,Midwest,142,158.0,Marcus Webb,
2025-06-01,prd-002,Hydraulic Actuator,Fluid Power,South,95,158.0,Diana Torres,
June 2025,PRD_003,Legacy Control Panel,Electrical,Midwest,10,215.0,Marcus Webb,Volume declining - customers migrating to PRD-004
6/1/2025,Prd003,Legacy Control Panel,Electrical,South,7,215.0,Diana Torres,Volume declining - customers migrating to PRD-004
06/01/2025,PRD-004,Smart Sensor Module,Automation,Midwest,80,445.0,Marcus Webb,
2025-06-01,prd-004,Smart Sensor Module,Automation,South,53,445.0,Diana Torres,
June 2025,PRD_005,Custom Valve Assembly,Fluid Power,Midwest,0,387.5,Marcus Webb,
6/1/2025,Prd005,Custom Valve Assembly,Fluid Power,South,0,387.5,Diana Torres,
06/01/2025,PRD-006,Emergency Shutdown Unit,Safety,Midwest,57,892.0,Marcus Webb,
2025-06-01,prd-006,Emergency Shutdown Unit,Safety,South,38,892.0,Diana Torres,
June 2025,PRD_007,Precision Gear Set,Power Transmission,Midwest,,127.0,Marcus Webb,
6/1/2025,Prd007,Precision Gear Set,Power Transmission,South,126,127.0,Diana Torres,
